{
  "test": "chi-square test of independence",
  "null_hypothesis": "패턴별 결정 분포가 균질하다",
  "matrix": {
    "patterns": [
      "genre_preference",
      "narrative_complexity",
      "pacing_preference",
      "quality_sensitivity",
      "brand_loyalty",
      "sensory_preference",
      "emotional_resonance"
    ],
    "labels": [
      "TRANSFER",
      "PARTIAL",
      "BLOCK"
    ],
    "observed": [
      [
        33,
        61,
        6
      ],
      [
        64,
        30,
        6
      ],
      [
        46,
        47,
        7
      ],
      [
        32,
        57,
        11
      ],
      [
        0,
        0,
        100
      ],
      [
        65,
        1,
        34
      ],
      [
        60,
        19,
        21
      ]
    ],
    "expected": [
      [
        42.857142857142854,
        30.714285714285715,
        26.428571428571427
      ],
      [
        42.857142857142854,
        30.714285714285715,
        26.428571428571427
      ],
      [
        42.857142857142854,
        30.714285714285715,
        26.428571428571427
      ],
      [
        42.857142857142854,
        30.714285714285715,
        26.428571428571427
      ],
      [
        42.857142857142854,
        30.714285714285715,
        26.428571428571427
      ],
      [
        42.857142857142854,
        30.714285714285715,
        26.428571428571427
      ],
      [
        42.857142857142854,
        30.714285714285715,
        26.428571428571427
      ]
    ]
  },
  "statistics": {
    "chi2": 464.73503037921637,
    "p_value": 7.001185284286424e-92,
    "dof": 12,
    "cramers_v": 0.5761541400771253,
    "n_total": 700
  },
  "residuals": {
    "values": [
      [
        -1.505703442628347,
        5.464716179600551,
        -3.9737556027936076
      ],
      [
        3.2296247754926877,
        -0.12888481555661693,
        -3.9737556027936076
      ],
      [
        0.4800793585191837,
        2.938573794690862,
        -3.779236097761753
      ],
      [
        -1.6584559657935416,
        4.742961212483497,
        -3.001158077634333
      ],
      [
        -6.546536707079771,
        -5.5420470689345205,
        14.311077870200757
      ],
      [
        3.3823772986578824,
        -5.361608327155257,
        1.4727905380983306
      ],
      [
        2.6186146828319092,
        -2.113710975128515,
        -1.0559630273157836
      ]
    ],
    "interpretation": "|z| > 2 → 예상보다 유의하게 많음(+) 또는 적음(-)",
    "highlights": [
      "genre_preference × PARTIAL: z=5.46 (관찰=61, 기대=30.7, 예상보다 많음)",
      "genre_preference × BLOCK: z=-3.97 (관찰=6, 기대=26.4, 예상보다 적음)",
      "narrative_complexity × TRANSFER: z=3.23 (관찰=64, 기대=42.9, 예상보다 많음)",
      "narrative_complexity × BLOCK: z=-3.97 (관찰=6, 기대=26.4, 예상보다 적음)",
      "pacing_preference × PARTIAL: z=2.94 (관찰=47, 기대=30.7, 예상보다 많음)",
      "pacing_preference × BLOCK: z=-3.78 (관찰=7, 기대=26.4, 예상보다 적음)",
      "quality_sensitivity × PARTIAL: z=4.74 (관찰=57, 기대=30.7, 예상보다 많음)",
      "quality_sensitivity × BLOCK: z=-3.00 (관찰=11, 기대=26.4, 예상보다 적음)",
      "brand_loyalty × TRANSFER: z=-6.55 (관찰=0, 기대=42.9, 예상보다 적음)",
      "brand_loyalty × PARTIAL: z=-5.54 (관찰=0, 기대=30.7, 예상보다 적음)",
      "brand_loyalty × BLOCK: z=14.31 (관찰=100, 기대=26.4, 예상보다 많음)",
      "sensory_preference × TRANSFER: z=3.38 (관찰=65, 기대=42.9, 예상보다 많음)",
      "sensory_preference × PARTIAL: z=-5.36 (관찰=1, 기대=30.7, 예상보다 적음)",
      "emotional_resonance × TRANSFER: z=2.62 (관찰=60, 기대=42.9, 예상보다 많음)",
      "emotional_resonance × PARTIAL: z=-2.11 (관찰=19, 기대=30.7, 예상보다 적음)"
    ]
  },
  "interpretation": {
    "significance": "p < 0.001 (매우 유의)",
    "effect_size": "Cramér's V = 0.576 (large)",
    "conclusion": "패턴별 결정 분포는 균질하다는 귀무가설이 기각된다. chi-square 검정 결과 chi²=464.74, dof=12, p < 0.001 (매우 유의)로 7가지 선호 패턴이 통계적으로 유의하게 다른 결정 분포를 보인다. 효과 크기는 large 수준(Cramér's V=0.576)이다."
  }
}