,genre_preference,narrative_complexity,pacing_preference,quality_sensitivity,brand_loyalty,sensory_preference,emotional_resonance
genre_preference,1.0000001,0.30874595,0.40366518,0.2363984,0.29939252,0.47032225,0.3116537
narrative_complexity,0.30874595,1.0,0.6689487,0.20531574,0.16375798,0.27468506,0.22854918
pacing_preference,0.40366518,0.6689487,1.0,0.21216154,0.18874905,0.40143162,0.22969034
quality_sensitivity,0.2363984,0.20531574,0.21216154,1.0,0.32640594,0.36501002,0.32174623
brand_loyalty,0.29939252,0.16375798,0.18874905,0.32640594,1.0000001,0.21577248,0.30801082
sensory_preference,0.47032225,0.27468506,0.40143162,0.36501002,0.21577248,1.0,0.37536943
emotional_resonance,0.3116537,0.22854918,0.22969034,0.32174623,0.30801082,0.37536943,0.9999999
